{
    "0": "0",
    "1": "1",
    "2": "2",
    "3": "3",
    "4": "4",
    "5": "5",
    "6": "6",
    "7": "7",
    "8": "8",
    "9": "9",
    "Restart": "Repornire",
    "Pause": "Pauză",
    "Play": "Pornire",
    "Save State": "Salvare Status",
    "Load State": "Încărcare Status",
    "Control Settings": "Setări Controale",
    "Cheats": "Cheats",
    "Cache Manager": "Manager Cache",
    "Export Save File": "Exportează Fișierul Salvat",
    "Import Save File": "Importează Fișierul Salvat",
    "Netplay": "Netplay",
    "Mute": "Mute",
    "Unmute": "Unmute",
    "Settings": "Setări",
    "Enter Fullscreen": "Intrați în modul ecran complet",
    "Exit Fullscreen": "Ieșire din modul ecran complet",
    "Context Menu": "Meniu Context",
    "Reset": "Resetare",
    "Clear": "Ștergere",
    "Close": "Ieșire",
    "QUICK SAVE STATE": "QUICK SAVE STATE",
    "QUICK LOAD STATE": "QUICK LOAD STATE",
    "CHANGE STATE SLOT": "CHANGE STATE SLOT",
    "FAST FORWARD": "FAST FORWARD",
    "Player": "Player",
    "Connected Gamepad": "Gamepad Conectat",
    "Gamepad": "Gamepad",
    "Keyboard": "Tastatură",
    "Set": "Setare",
    "Add Cheat": "Adaugă Cheat",
    "Note that some cheats require a restart to disable": "Rețineți că unele cheat-uri necesită o repornire pentru a fi dezactivate",
    "Create a Room": "Creați o cameră",
    "Rooms": "Camere",
    "Start Game": "Pornire Joc",
    "Click to resume Emulator": "Click pentru a relua Emulatorul",
    "Drop save state here to load": "Aruncați starea de salvare aici pentru a încărca",
    "Loading...": "Încărcare...",
    "Download Game Core": "Descărcați nucleul jocului",
    "Outdated graphics driver": "Placă grafică învechită",
    "Decompress Game Core": "Decompresați nucleul jocului",
    "Download Game Data": "Descărcați datele jocului",
    "Decompress Game Data": "Decompresați datele jocului",
    "Shaders": "Shaders",
    "Disabled": "Dezactivat",
    "2xScaleHQ": "2xScaleHQ",
    "4xScaleHQ": "4xScaleHQ",
    "CRT easymode": "CRT easymode",
    "CRT aperture": "CRT aperture",
    "CRT geom": "CRT geom",
    "CRT mattias": "CRT mattias",
    "FPS": "FPS (cadre pe secundă)",
    "show": "Afișare",
    "hide": "Ascundere",
    "Fast Forward Ratio": "Rată de Avans Rapid",
    "Fast Forward": "Avansare Rapidă",
    "Enabled": "Activat",
    "Save State Slot": "Salvare Slotul pentru Stare",
    "Save State Location": "Salvare Locație pentru Stare",
    "Download": "Descărcați",
    "Keep in Browser": "Păstrați în Browser",
    "Auto": "Auto",
    "NTSC": "NTSC",
    "PAL": "PAL",
    "Dendy": "Dendy",
    "8:7 PAR": "8:7 PAR",
    "4:3": "4:3",
    "Low": "Scăzut",
    "High": "Ridicat",
    "Very High": "Foarte Ridicat",
    "None": "Deloc",
    "Player 1": "Player 1",
    "Player 2": "Player 2",
    "Both": "Ambele",
    "SAVED STATE TO SLOT": "SAVED STATE TO SLOT",
    "LOADED STATE FROM SLOT": "LOADED STATE FROM SLOT",
    "SET SAVE STATE SLOT TO": "SET SAVE STATE SLOT TO",
    "Network Error": "Eroare de Conectare",
    "Submit": "Trimite",
    "Description": "Descriere",
    "Code": "Cod",
    "Add Cheat Code": "Adaugă Cod Cheat",
    "Leave Room": "Părăsește Camera",
    "Password": "Parolă",
    "Password (optional)": "Parolă (opțional)",
    "Max Players": "Maximum Jucători",
    "Room Name": "Numele Camerei",
    "Join": "Alătură-te",
    "Player Name": "Nume Jucător",
    "Set Player Name": "Setează Numele Jucătorului",
    "Left Handed Mode": "Modul Mâna Stângă",
    "Virtual Gamepad": "Gamepad Virtual",
    "Disk": "Disc",
    "Press Keyboard": "Apasă Tastatură",
    "INSERT COIN": "INSERT COIN",
    "Remove": "Înlăturare",
    "SAVE LOADED FROM BROWSER": "SAVE LOADED FROM BROWSER",
    "SAVE SAVED TO BROWSER": "SAVE SAVED TO BROWSER",
    "Join the discord": "Alăturăte pe Discord",
    "View on GitHub": "Vezi în GitHub",
    "Failed to start game": "Pornirea jocului a eșuat",
    "Download Game BIOS": "Descărcați BIOS-ul Jocului",
    "Decompress Game BIOS": "Decompresați BIOS-ul Jocului",
    "Download Game Parent": "Descărcați Jocul părinte",
    "Decompress Game Parent": "Decompresați Jocul părinte",
    "Download Game Patch": "Descărcați Patch-ul pentru joc",
    "Decompress Game Patch": "Decompresați Patch-ul jocului",
    "Download Game State": "-Download Game State",
    "Check console": "Verifcare consolă",
    "Error for site owner": "Eroare pentru deținătorul site-ului",
    "EmulatorJS": "EmulatorJS",
    "Clear All": "Șterge tot",
    "Take Screenshot": "Fă o captură de ecran",
    "Start screen recording": "Pornește înregistrarea ecranului",
    "Stop screen recording": "Oprește înregistrarea ecranului",
    "Quick Save": "Salvare Rapidă",
    "Quick Load": "Încărcare Rapidă",
    "REWIND": "REWIND",
    "Rewind Enabled (requires restart)": "Delurare Activată (necesită repornire)",
    "Rewind Granularity": "Granularitatea de Derulare",
    "Slow Motion Ratio": "Raport de Latență",
    "Slow Motion": "Latență",
    "Home": "Acasă",
    "EmulatorJS License": "Licența EmulatorJS",
    "RetroArch License": "Licența RetroArch",
    "This project is powered by": "Proiectul este dezvoltat de către",
    "View the RetroArch license here": "Vezi licența RetroArch aici",
    "SLOW MOTION": "SLOW MOTION",
    "A": "A",
    "B": "B",
    "SELECT": "SELECT",
    "START": "START",
    "UP": "UP",
    "DOWN": "DOWN",
    "LEFT": "LEFT",
    "RIGHT": "RIGHT",
    "X": "X",
    "Y": "Y",
    "L": "L",
    "R": "R",
    "Z": "Z",
    "STICK UP": "STICK UP",
    "STICK DOWN": "STICK DOWN",
    "STICK LEFT": "STICK LEFT",
    "STICK RIGHT": "STICK RIGHT",
    "C-PAD UP": "C-PAD UP",
    "C-PAD DOWN": "C-PAD DOWN",
    "C-PAD LEFT": "C-PAD LEFT",
    "C-PAD RIGHT": "C-PAD RIGHT",
    "MICROPHONE": "MICROPHONE",
    "BUTTON 1 / START": "BUTTON 1 / START",
    "BUTTON 2": "BUTTON 2",
    "BUTTON": "BUTTON",
    "LEFT D-PAD UP": "LEFT D-PAD UP",
    "LEFT D-PAD DOWN": "LEFT D-PAD DOWN",
    "LEFT D-PAD LEFT": "LEFT D-PAD LEFT",
    "LEFT D-PAD RIGHT": "LEFT D-PAD RIGHT",
    "RIGHT D-PAD UP": "RIGHT D-PAD UP",
    "RIGHT D-PAD DOWN": "RIGHT D-PAD DOWN",
    "RIGHT D-PAD LEFT": "RIGHT D-PAD LEFT",
    "RIGHT D-PAD RIGHT": "RIGHT D-PAD RIGHT",
    "C": "C",
    "MODE": "MODE",
    "FIRE": "FIRE",
    "RESET": "RESET",
    "LEFT DIFFICULTY A": "LEFT DIFFICULTY A",
    "LEFT DIFFICULTY B": "LEFT DIFFICULTY B",
    "RIGHT DIFFICULTY A": "RIGHT DIFFICULTY A",
    "RIGHT DIFFICULTY B": "RIGHT DIFFICULTY B",
    "COLOR": "COLOR",
    "B/W": "B/W",
    "PAUSE": "PAUSE",
    "OPTION": "OPTION",
    "OPTION 1": "OPTION 1",
    "OPTION 2": "OPTION 2",
    "L2": "L2",
    "R2": "R2",
    "L3": "L3",
    "R3": "R3",
    "L STICK UP": "L STICK UP",
    "L STICK DOWN": "L STICK DOWN",
    "L STICK LEFT": "L STICK LEFT",
    "L STICK RIGHT": "L STICK RIGHT",
    "R STICK UP": "R STICK UP",
    "R STICK DOWN": "R STICK DOWN",
    "R STICK LEFT": "R STICK LEFT",
    "R STICK RIGHT": "R STICK RIGHT",
    "Start": "Pornire",
    "Select": "Selectare",
    "Fast": "Rapid",
    "Slow": "Lent",
    "a": "a",
    "b": "b",
    "c": "c",
    "d": "d",
    "e": "e",
    "f": "f",
    "g": "g",
    "h": "h",
    "i": "i",
    "j": "j",
    "k": "k",
    "l": "l",
    "m": "m",
    "n": "n",
    "o": "o",
    "p": "p",
    "q": "q",
    "r": "r",
    "s": "s",
    "t": "t",
    "u": "u",
    "v": "v",
    "w": "w",
    "x": "x",
    "y": "y",
    "z": "z",
    "enter": "enter",
    "escape": "escape",
    "space": "space",
    "tab": "tab",
    "backspace": "backspace",
    "delete": "delete",
    "arrowup": "arrowup",
    "arrowdown": "arrowdown",
    "arrowleft": "arrowleft",
    "arrowright": "arrowright",
    "f1": "f1",
    "f2": "f2",
    "f3": "f3",
    "f4": "f4",
    "f5": "f5",
    "f6": "f6",
    "f7": "f7",
    "f8": "f8",
    "f9": "f9",
    "f10": "f10",
    "f11": "f11",
    "f12": "f12",
    "shift": "shift",
    "control": "control",
    "alt": "alt",
    "meta": "meta",
    "capslock": "capslock",
    "insert": "insert",
    "home": "home",
    "end": "end",
    "pageup": "pageup",
    "pagedown": "pagedown",
    "!": "!",
    "@": "@",
    "#": "#",
    "$": "$",
    "%": "%",
    "^": "^",
    "&": "&",
    "*": "*",
    "(": "(",
    ")": ")",
    "-": "-",
    "_": "_",
    "+": "+",
    "=": "=",
    "[": "[",
    "]": "]",
    "{": "{",
    "}": "}",
    ";": ";",
    ":": ":",
    "'": "'",
    "\"": "\"",
    ",": ",",
    ".": ".",
    "<": "<",
    ">": ">",
    "/": "/",
    "?": "?",
    "LEFT_STICK_X": "LEFT_STICK_X",
    "LEFT_STICK_Y": "LEFT_STICK_Y",
    "RIGHT_STICK_X": "RIGHT_STICK_X",
    "RIGHT_STICK_Y": "RIGHT_STICK_Y",
    "LEFT_TRIGGER": "LEFT_TRIGGER",
    "RIGHT_TRIGGER": "RIGHT_TRIGGER",
    "A_BUTTON": "A_BUTTON",
    "B_BUTTON": "B_BUTTON",
    "X_BUTTON": "X_BUTTON",
    "Y_BUTTON": "Y_BUTTON",
    "START_BUTTON": "START_BUTTON",
    "SELECT_BUTTON": "SELECT_BUTTON",
    "L1_BUTTON": "L1_BUTTON",
    "R1_BUTTON": "R1_BUTTON",
    "L2_BUTTON": "L2_BUTTON",
    "R2_BUTTON": "R2_BUTTON",
    "LEFT_THUMB_BUTTON": "LEFT_THUMB_BUTTON",
    "RIGHT_THUMB_BUTTON": "RIGHT_THUMB_BUTTON",
    "DPAD_UP": "DPAD_UP",
    "DPAD_DOWN": "DPAD_DOWN",
    "DPAD_LEFT": "DPAD_LEFT",
    "DPAD_RIGHT": "DPAD_RIGHT"
}
